StockCode,Description,Quantity,InvoiceDate,UnitPrice,Country
TEST001,This is a test product.,10,2009/12/14,4.5,United Kingdom
TEST001,This is a test product.,5,2009/12/14,4.5,United Kingdom
TEST001,This is a test product.,5,2009/12/14,4.5,United Kingdom
TEST001,This is a test product.,5,2009/12/18,4.5,United Kingdom
TEST002,This is a test product.,1,2009/12/18,1,United Kingdom
TEST001,This is a test product.,5,2010/1/4,4.5,United Kingdom
TEST001,This is a test product.,5,2010/1/4,4.5,United Kingdom
TEST001,This is a test product.,5,2010/1/14,4.5,United Kingdom
TEST001,This is a test product.,5,2010/1/22,4.5,United Kingdom
20682,RED SPOTTY CHILDS UMBRELLA,1,2010/3/2,3.25,United Kingdom
20679,EDWARDIAN PARASOL RED,1,2010/3/2,5.95,United Kingdom
15056N,EDWARDIAN PARASOL NATURAL,1,2010/3/2,5.95,United Kingdom
15056BL,EDWARDIAN PARASOL BLACK,1,2010/3/2,5.95,United Kingdom
15056P,EDWARDIAN PARASOL PINK,1,2010/3/2,5.95,United Kingdom
21524,DOORMAT SPOTTY HOME SWEET HOME,1,2010/6/28,7.49,United Kingdom
22692,DOORMAT WELCOME TO OUR HOME,1,2010/6/28,7.49,United Kingdom
22660,DOORMAT I LOVE LONDON,1,2010/6/28,7.49,United Kingdom
22687,DOORMAT CHRISTMAS VILLAGE,1,2010/6/28,7.49,United Kingdom
48173C,DOORMAT BLACK FLOCK ,1,2010/6/28,7.49,United Kingdom
22691,DOORMAT WELCOME SUNRISE,1,2010/6/28,7.49,United Kingdom
48111,DOORMAT 3 SMILEY CATS,1,2010/6/28,7.49,United Kingdom
22690,DOORMAT HOME SWEET HOME BLUE ,1,2010/6/28,7.49,United Kingdom
21523,DOORMAT FANCY FONT HOME SWEET HOME,1,2010/6/28,7.49,United Kingdom
48138,DOORMAT UNION FLAG,1,2010/6/28,7.49,United Kingdom
22689,DOORMAT MERRY CHRISTMAS RED ,1,2010/6/28,7.49,United Kingdom
22365,DOORMAT RESPECTABLE HOUSE,1,2010/6/28,7.49,United Kingdom
48185,DOORMAT FAIRY CAKE,1,2010/6/28,7.49,United Kingdom
22688,DOORMAT PEACE ON EARTH BLUE,1,2010/6/28,7.49,United Kingdom
48188,DOORMAT WELCOME PUPPIES,1,2010/6/28,7.49,United Kingdom
48187,DOORMAT NEW ENGLAND,1,2010/6/28,7.49,United Kingdom
22366,DOORMAT AIRMAIL ,1,2010/6/28,7.49,United Kingdom
20685,DOORMAT RED SPOT,1,2010/6/28,7.49,United Kingdom
21955,DOORMAT UNION JACK GUNS AND ROSES,1,2010/6/28,7.49,United Kingdom
23166,MEDIUM CERAMIC TOP STORAGE JAR,318.5,2011/1/18,1.04,United Kingdom
22698,PINK REGENCY TEACUP AND SAUCER,6,2010/10/31,2.95,Iceland
22699,ROSES REGENCY TEACUP AND SAUCER ,6,2010/10/31,2.95,Iceland
20985,HEART CALCULATOR,12,2010/10/31,1.25,Iceland
22418,10 COLOUR SPACEBOY PEN,24,2010/10/31,0.85,Iceland
22422,TOOTHPASTE TUBE PEN,12,2010/10/31,0.65,Iceland
51014A,"FEATHER PEN,HOT PINK",12,2010/10/31,0.85,Iceland
51014C,"FEATHER PEN,COAL BLACK",12,2010/10/31,0.85,Iceland
51014L,"FEATHER PEN,LIGHT PINK",12,2010/10/31,0.85,Iceland
22709,WRAP WEDDING DAY,25,2010/10/31,0.42,Iceland
22045,SPACEBOY GIFT WRAP,25,2010/10/31,0.42,Iceland
84558A,3D DOG PICTURE PLAYING CARDS,6,2010/10/31,2.95,Iceland
22534,MAGIC DRAWING SLATE SPACEBOY ,24,2010/10/31,0.42,Iceland
22530,MAGIC DRAWING SLATE DOLLY GIRL ,24,2010/10/31,0.42,Iceland
22196,SMALL HEART MEASURING SPOONS,12,2010/10/31,0.85,Iceland
21739,COSY SLIPPER SHOES SMALL GREEN,6,2010/10/31,2.95,Iceland
21741,COSY SLIPPER SHOES LARGE GREEN,6,2010/10/31,2.95,Iceland
47594A,CAROUSEL DESIGN WASHBAG,6,2010/10/31,1.95,Iceland
20966,SANDWICH BATH SPONGE,10,2010/10/31,1.25,Iceland
72819,CUPID DESIGN SCENTED CANDLES,6,2010/10/31,2.55,Iceland
35471D,SET OF 3 BIRD LIGHT PINK FEATHER ,12,2010/10/31,1.25,Iceland
22244,3 HOOK HANGER MAGIC GARDEN,12,2010/10/31,1.95,Iceland
22245,"HOOK, 1 HANGER ,MAGIC GARDEN",12,2010/10/31,0.85,Iceland
47559B,TEA TIME OVEN GLOVE,10,2010/10/31,1.25,Iceland
21976,PACK OF 60 MUSHROOM CAKE CASES,24,2010/10/31,0.55,Iceland
84991,60 TEATIME FAIRY CAKE CASES,24,2010/10/31,0.55,Iceland
84992,72 SWEETHEART FAIRY CAKE CASES,24,2010/10/31,0.55,Iceland
22423,REGENCY CAKESTAND 3 TIER,3,2010/10/31,12.75,Iceland
22697,GREEN REGENCY TEACUP AND SAUCER,6,2010/10/31,2.95,Iceland
20712,JUMBO BAG WOODLAND ANIMALS,10,2010/10/31,1.95,Iceland
21372,MIRRORED WALL ART TABLE LAMP,24,2010/10/31,0.85,Iceland
21144,PINK POODLE HANGING DECORATION ,24,2010/10/31,0.38,Iceland
84625A,PINK NEW BAROQUECANDLESTICK CANDLE,6,2010/10/31,2.95,Iceland
84625C,BLUE NEW BAROQUE CANDLESTICK CANDLE,6,2010/10/31,2.95,Iceland
84625D,WHITE NEWBAROQUE CANDLESTICK CANDLE,6,2010/10/31,2.95,Iceland
21579,LOLITA  DESIGN  COTTON TOTE BAG,6,2010/10/31,2.25,Iceland
21578,WOODLAND DESIGN  COTTON TOTE BAG,6,2010/10/31,2.25,Iceland
20719,WOODLAND CHARLOTTE BAG,10,2010/10/31,0.85,Iceland
22331,WOODLAND PARTY BAG + STICKER SET,16,2010/10/31,1.65,Iceland
47599A,PINK PARTY BAGS,12,2010/10/31,2.1,Iceland
20716,PARTY FOOD SHOPPER BAG,10,2010/10/31,1.25,Iceland
85116,BLACK CANDELABRA T-LIGHT HOLDER,12,2010/12/7,2.1,Iceland
22375,AIRLINE BAG VINTAGE JET SET BROWN,4,2010/12/7,4.25,Iceland
71477,COLOUR GLASS. STAR T-LIGHT HOLDER,12,2010/12/7,3.25,Iceland
22492,MINI PAINT SET VINTAGE ,36,2010/12/7,0.65,Iceland
22771,CLEAR DRAWER KNOB ACRYLIC EDWARDIAN,12,2010/12/7,1.25,Iceland
22772,PINK DRAWER KNOB ACRYLIC EDWARDIAN,12,2010/12/7,1.25,Iceland
22773,GREEN DRAWER KNOB ACRYLIC EDWARDIAN,12,2010/12/7,1.25,Iceland
22774,RED DRAWER KNOB ACRYLIC EDWARDIAN,12,2010/12/7,1.25,Iceland
22775,PURPLE DRAWERKNOB ACRYLIC EDWARDIAN,12,2010/12/7,1.25,Iceland
22805,BLUE DRAWER KNOB ACRYLIC EDWARDIAN,12,2010/12/7,1.25,Iceland
22725,ALARM CLOCK BAKELIKE CHOCOLATE,4,2010/12/7,3.75,Iceland
22726,ALARM CLOCK BAKELIKE GREEN,4,2010/12/7,3.75,Iceland
22727,ALARM CLOCK BAKELIKE RED ,4,2010/12/7,3.75,Iceland
22728,ALARM CLOCK BAKELIKE PINK,4,2010/12/7,3.75,Iceland
22729,ALARM CLOCK BAKELIKE ORANGE,4,2010/12/7,3.75,Iceland
22212,FOUR HOOK  WHITE LOVEBIRDS,6,2010/12/7,2.1,Iceland
85167B,BLACK GRAND BAROQUE PHOTO FRAME,30,2010/12/7,1.25,Iceland
21171,BATHROOM METAL SIGN ,12,2010/12/7,1.45,Iceland
22195,LARGE HEART MEASURING SPOONS,12,2010/12/7,1.65,Iceland
84969,BOX OF 6 ASSORTED COLOUR TEASPOONS,6,2010/12/7,4.25,Iceland
84997C,BLUE 3 PIECE POLKADOT CUTLERY SET,6,2010/12/7,3.75,Iceland
84997B,RED 3 PIECE RETROSPOT CUTLERY SET,6,2010/12/7,3.75,Iceland
84997D,PINK 3 PIECE POLKADOT CUTLERY SET,6,2010/12/7,3.75,Iceland
22494,EMERGENCY FIRST AID TIN ,12,2010/12/7,1.25,Iceland
22497,SET OF 2 TINS VINTAGE BATHROOM ,4,2010/12/7,4.25,Iceland
85232D,SET/3 DECOUPAGE STACKING TINS,3,2010/12/7,4.95,Iceland
21064,BOOM BOX SPEAKER BOYS,6,2010/12/7,5.95,Iceland
21731,RED TOADSTOOL LED NIGHT LIGHT,12,2010/12/7,1.65,Iceland
84558A,3D DOG PICTURE PLAYING CARDS,24,2010/12/7,2.95,Iceland
20780,BLACK EAR MUFF HEADPHONES,12,2010/12/7,4.65,Iceland
20782,CAMOUFLAGE EAR MUFF HEADPHONES,6,2010/12/7,5.49,Iceland
85116,BLACK CANDELABRA T-LIGHT HOLDER,12,2010/12/7,2.1,Iceland
22375,AIRLINE BAG VINTAGE JET SET BROWN,4,2010/12/7,4.25,Iceland
71477,COLOUR GLASS. STAR T-LIGHT HOLDER,12,2010/12/7,3.25,Iceland
22492,MINI PAINT SET VINTAGE ,36,2010/12/7,0.65,Iceland
22771,CLEAR DRAWER KNOB ACRYLIC EDWARDIAN,12,2010/12/7,1.25,Iceland
22772,PINK DRAWER KNOB ACRYLIC EDWARDIAN,12,2010/12/7,1.25,Iceland
22773,GREEN DRAWER KNOB ACRYLIC EDWARDIAN,12,2010/12/7,1.25,Iceland
22774,RED DRAWER KNOB ACRYLIC EDWARDIAN,12,2010/12/7,1.25,Iceland
22775,PURPLE DRAWERKNOB ACRYLIC EDWARDIAN,12,2010/12/7,1.25,Iceland
22805,BLUE DRAWER KNOB ACRYLIC EDWARDIAN,12,2010/12/7,1.25,Iceland
22725,ALARM CLOCK BAKELIKE CHOCOLATE,4,2010/12/7,3.75,Iceland
22726,ALARM CLOCK BAKELIKE GREEN,4,2010/12/7,3.75,Iceland
22727,ALARM CLOCK BAKELIKE RED ,4,2010/12/7,3.75,Iceland
22728,ALARM CLOCK BAKELIKE PINK,4,2010/12/7,3.75,Iceland
22729,ALARM CLOCK BAKELIKE ORANGE,4,2010/12/7,3.75,Iceland
22212,FOUR HOOK  WHITE LOVEBIRDS,6,2010/12/7,2.1,Iceland
85167B,BLACK GRAND BAROQUE PHOTO FRAME,30,2010/12/7,1.25,Iceland
21171,BATHROOM METAL SIGN ,12,2010/12/7,1.45,Iceland
22195,LARGE HEART MEASURING SPOONS,12,2010/12/7,1.65,Iceland
84969,BOX OF 6 ASSORTED COLOUR TEASPOONS,6,2010/12/7,4.25,Iceland
84997C,BLUE 3 PIECE POLKADOT CUTLERY SET,6,2010/12/7,3.75,Iceland
84997B,RED 3 PIECE RETROSPOT CUTLERY SET,6,2010/12/7,3.75,Iceland
84997D,PINK 3 PIECE POLKADOT CUTLERY SET,6,2010/12/7,3.75,Iceland
22494,EMERGENCY FIRST AID TIN ,12,2010/12/7,1.25,Iceland
22497,SET OF 2 TINS VINTAGE BATHROOM ,4,2010/12/7,4.25,Iceland
85232D,SET/3 DECOUPAGE STACKING TINS,3,2010/12/7,4.95,Iceland
21064,BOOM BOX SPEAKER BOYS,6,2010/12/7,5.95,Iceland
21731,RED TOADSTOOL LED NIGHT LIGHT,12,2010/12/7,1.65,Iceland
84558A,3D DOG PICTURE PLAYING CARDS,24,2010/12/7,2.95,Iceland
20780,BLACK EAR MUFF HEADPHONES,12,2010/12/7,4.65,Iceland
20782,CAMOUFLAGE EAR MUFF HEADPHONES,6,2010/12/7,5.49,Iceland
84625A,PINK NEW BAROQUECANDLESTICK CANDLE,24,2011/1/26,0.85,Iceland
84625C,BLUE NEW BAROQUE CANDLESTICK CANDLE,24,2011/1/26,0.85,Iceland
85116,BLACK CANDELABRA T-LIGHT HOLDER,6,2011/1/26,2.1,Iceland
20719,WOODLAND CHARLOTTE BAG,10,2011/1/26,0.85,Iceland
22375,AIRLINE BAG VINTAGE JET SET BROWN,4,2011/1/26,4.25,Iceland
22376,AIRLINE BAG VINTAGE JET SET WHITE,4,2011/1/26,4.25,Iceland
20966,SANDWICH BATH SPONGE,10,2011/1/26,1.25,Iceland
22725,ALARM CLOCK BAKELIKE CHOCOLATE,4,2011/1/26,3.75,Iceland
22726,ALARM CLOCK BAKELIKE GREEN,4,2011/1/26,3.75,Iceland
22727,ALARM CLOCK BAKELIKE RED ,4,2011/1/26,3.75,Iceland
22728,ALARM CLOCK BAKELIKE PINK,4,2011/1/26,3.75,Iceland
22729,ALARM CLOCK BAKELIKE ORANGE,4,2011/1/26,3.75,Iceland
22196,SMALL HEART MEASURING SPOONS,12,2011/1/26,0.85,Iceland
84992,72 SWEETHEART FAIRY CAKE CASES,24,2011/1/26,0.55,Iceland
84991,60 TEATIME FAIRY CAKE CASES,24,2011/1/26,0.55,Iceland
21976,PACK OF 60 MUSHROOM CAKE CASES,24,2011/1/26,0.55,Iceland
22417,PACK OF 60 SPACEBOY CAKE CASES,24,2011/1/26,0.55,Iceland
47559B,TEA TIME OVEN GLOVE,10,2011/1/26,1.25,Iceland
21154,RED RETROSPOT OVEN GLOVE ,10,2011/1/26,1.25,Iceland
21041,RED RETROSPOT OVEN GLOVE DOUBLE,6,2011/1/26,2.95,Iceland
21035,SET/2 RED RETROSPOT TEA TOWELS ,6,2011/1/26,2.95,Iceland
22423,REGENCY CAKESTAND 3 TIER,3,2011/1/26,12.75,Iceland
84969,BOX OF 6 ASSORTED COLOUR TEASPOONS,6,2011/1/26,4.25,Iceland
22134,MINI LADLE LOVE HEART RED ,12,2011/1/26,0.42,Iceland
21832,CHOCOLATE CALCULATOR,12,2011/1/26,1.65,Iceland
22422,TOOTHPASTE TUBE PEN,12,2011/1/26,0.65,Iceland
22497,SET OF 2 TINS VINTAGE BATHROOM ,4,2011/1/26,4.25,Iceland
21731,RED TOADSTOOL LED NIGHT LIGHT,12,2011/1/26,1.65,Iceland
84558A,3D DOG PICTURE PLAYING CARDS,12,2011/1/26,2.95,Iceland
22376,AIRLINE BAG VINTAGE JET SET WHITE,4,2011/4/7,4.25,Iceland
22374,AIRLINE BAG VINTAGE JET SET RED,4,2011/4/7,4.25,Iceland
22371,AIRLINE BAG VINTAGE TOKYO 78,4,2011/4/7,4.25,Iceland
22375,AIRLINE BAG VINTAGE JET SET BROWN,4,2011/4/7,4.25,Iceland
20665,RED RETROSPOT PURSE ,6,2011/4/7,2.95,Iceland
23076,ICE CREAM SUNDAE LIP GLOSS,240,2011/4/7,1.04,Iceland
21791,VINTAGE HEADS AND TAILS CARD GAME ,12,2011/4/7,1.25,Iceland
22550,HOLIDAY FUN LUDO,8,2011/4/7,3.75,Iceland
23177,TREASURE ISLAND BOOK BOX,8,2011/4/7,2.25,Iceland
22432,WATERING CAN PINK BUNNY,6,2011/4/7,1.95,Iceland
22774,RED DRAWER KNOB ACRYLIC EDWARDIAN,12,2011/4/7,1.25,Iceland
22195,LARGE HEART MEASURING SPOONS,12,2011/4/7,1.65,Iceland
22196,SMALL HEART MEASURING SPOONS,12,2011/4/7,0.85,Iceland
21975,PACK OF 60 DINOSAUR CAKE CASES,24,2011/4/7,0.55,Iceland
21041,RED RETROSPOT OVEN GLOVE DOUBLE,6,2011/4/7,2.95,Iceland
22423,REGENCY CAKESTAND 3 TIER,3,2011/4/7,12.75,Iceland
22699,ROSES REGENCY TEACUP AND SAUCER ,6,2011/4/7,2.95,Iceland
21731,RED TOADSTOOL LED NIGHT LIGHT,12,2011/4/7,1.65,Iceland
22492,MINI PAINT SET VINTAGE ,36,2011/4/7,0.65,Iceland
84559A,3D SHEET OF DOG STICKERS,12,2011/4/7,0.85,Iceland
84559B,3D SHEET OF CAT STICKERS,12,2011/4/7,0.85,Iceland
16008,SMALL FOLDING SCISSOR(POINTED EDGE),24,2011/4/7,0.25,Iceland
22821,GIFT BAG PSYCHEDELIC APPLES,12,2011/4/7,0.65,Iceland
22497,SET OF 2 TINS VINTAGE BATHROOM ,4,2011/4/7,4.25,Iceland
23084,RABBIT NIGHT LIGHT,12,2011/6/9,2.08,Iceland
23162,REGENCY TEA STRAINER,8,2011/6/9,3.75,Iceland
23171,REGENCY TEA PLATE GREEN ,12,2011/6/9,1.65,Iceland
23172,REGENCY TEA PLATE PINK,12,2011/6/9,1.65,Iceland
23170,REGENCY TEA PLATE ROSES ,12,2011/6/9,1.65,Iceland
23173,REGENCY TEAPOT ROSES ,2,2011/6/9,9.95,Iceland
23174,REGENCY SUGAR BOWL GREEN,4,2011/6/9,4.15,Iceland
23175,REGENCY MILK JUG PINK ,4,2011/6/9,3.25,Iceland
22371,AIRLINE BAG VINTAGE TOKYO 78,8,2011/6/9,4.25,Iceland
22375,AIRLINE BAG VINTAGE JET SET BROWN,4,2011/6/9,4.25,Iceland
85178,VICTORIAN SEWING KIT,12,2011/6/9,1.25,Iceland
17021,NAMASTE SWAGAT INCENSE,36,2011/6/9,0.3,Iceland
23146,TRIPLE HOOK ANTIQUE IVORY ROSE,4,2011/6/9,3.29,Iceland
22196,SMALL HEART MEASURING SPOONS,24,2011/6/9,0.85,Iceland
84558A,3D DOG PICTURE PLAYING CARDS,18,2011/6/9,2.95,Iceland
51014C,"FEATHER PEN,COAL BLACK",12,2011/6/9,0.85,Iceland
22727,ALARM CLOCK BAKELIKE RED ,8,2011/6/9,3.75,Iceland
22725,ALARM CLOCK BAKELIKE CHOCOLATE,4,2011/6/9,3.75,Iceland
23308,SET OF 60 VINTAGE LEAF CAKE CASES ,24,2011/8/2,0.55,Iceland
23297,SET 40 HEART SHAPE PETIT FOUR CASES,16,2011/8/2,1.65,Iceland
22375,AIRLINE BAG VINTAGE JET SET BROWN,4,2011/8/2,4.25,Iceland
22374,AIRLINE BAG VINTAGE JET SET RED,4,2011/8/2,4.25,Iceland
22376,AIRLINE BAG VINTAGE JET SET WHITE,4,2011/8/2,4.25,Iceland
22371,AIRLINE BAG VINTAGE TOKYO 78,8,2011/8/2,4.25,Iceland
22372,AIRLINE BAG VINTAGE WORLD CHAMPION ,4,2011/8/2,4.25,Iceland
21578,WOODLAND DESIGN  COTTON TOTE BAG,6,2011/8/2,2.25,Iceland
20719,WOODLAND CHARLOTTE BAG,10,2011/8/2,0.85,Iceland
22727,ALARM CLOCK BAKELIKE RED ,8,2011/8/2,3.75,Iceland
23146,TRIPLE HOOK ANTIQUE IVORY ROSE,4,2011/8/2,3.29,Iceland
23147,SINGLE ANTIQUE ROSE HOOK IVORY,12,2011/8/2,1.45,Iceland
47559B,TEA TIME OVEN GLOVE,10,2011/8/2,1.25,Iceland
84992,72 SWEETHEART FAIRY CAKE CASES,24,2011/8/2,0.55,Iceland
84991,60 TEATIME FAIRY CAKE CASES,24,2011/8/2,0.55,Iceland
21975,PACK OF 60 DINOSAUR CAKE CASES,24,2011/8/2,0.55,Iceland
22423,REGENCY CAKESTAND 3 TIER,3,2011/8/2,12.75,Iceland
23175,REGENCY MILK JUG PINK ,4,2011/8/2,3.25,Iceland
84558A,3D DOG PICTURE PLAYING CARDS,36,2011/8/2,2.95,Iceland
22992,REVOLVER WOODEN RULER ,12,2011/8/2,1.95,Iceland
21791,VINTAGE HEADS AND TAILS CARD GAME ,24,2011/8/2,1.25,Iceland
23316,RED REFECTORY CLOCK ,12,2011/8/2,8.15,Iceland
23480,MINI LIGHTS WOODLAND MUSHROOMS,12,2011/10/31,3.75,Iceland
21265,PINK GOOSE FEATHER TREE 60CM,12,2011/10/31,1.95,Iceland
21636,MADRAS NOTEBOOK MEDIUM,12,2011/10/31,0.75,Iceland
22372,AIRLINE BAG VINTAGE WORLD CHAMPION ,4,2011/10/31,4.25,Iceland
22375,AIRLINE BAG VINTAGE JET SET BROWN,8,2011/10/31,4.25,Iceland
22371,AIRLINE BAG VINTAGE TOKYO 78,12,2011/10/31,3.95,Iceland
22374,AIRLINE BAG VINTAGE JET SET RED,8,2011/10/31,4.25,Iceland
22252,BIRDCAGE DECORATION TEALIGHT HOLDER,12,2011/10/31,1.25,Iceland
22945,CHRISTMAS METAL TAGS ASSORTED ,12,2011/10/31,0.85,Iceland
22423,REGENCY CAKESTAND 3 TIER,6,2011/10/31,12.75,Iceland
23173,REGENCY TEAPOT ROSES ,2,2011/10/31,9.95,Iceland
47580,TEA TIME DES TEA COSY,6,2011/10/31,2.55,Iceland
47567B,TEA TIME KITCHEN APRON,6,2011/10/31,5.95,Iceland
47559B,TEA TIME OVEN GLOVE,10,2011/10/31,1.25,Iceland
22698,PINK REGENCY TEACUP AND SAUCER,12,2011/10/31,2.95,Iceland
22697,GREEN REGENCY TEACUP AND SAUCER,12,2011/10/31,2.95,Iceland
84558A,3D DOG PICTURE PLAYING CARDS,36,2011/10/31,2.95,Iceland
23084,RABBIT NIGHT LIGHT,48,2011/10/31,1.79,Iceland
21731,RED TOADSTOOL LED NIGHT LIGHT,12,2011/10/31,1.65,Iceland
23177,TREASURE ISLAND BOOK BOX,8,2011/10/31,2.25,Iceland
21791,VINTAGE HEADS AND TAILS CARD GAME ,12,2011/10/31,1.25,Iceland
23508,MINI PLAYING CARDS DOLLY GIRL ,20,2011/10/31,0.42,Iceland
23506,MINI PLAYING CARDS SPACEBOY ,20,2011/10/31,0.42,Iceland
23503,PLAYING CARDS KEEP CALM & CARRY ON,12,2011/10/31,1.25,Iceland
22992,REVOLVER WOODEN RULER ,12,2011/10/31,1.95,Iceland
22561,WOODEN SCHOOL COLOURING SET,12,2011/10/31,1.65,Iceland
22492,MINI PAINT SET VINTAGE ,36,2011/10/31,0.65,Iceland
22621,TRADITIONAL KNITTING NANCY,12,2011/10/31,1.65,Iceland
23146,TRIPLE HOOK ANTIQUE IVORY ROSE,8,2011/10/31,3.29,Iceland
23421,PANTRY HOOK SPATULA,12,2011/10/31,2.08,Iceland
23422,PANTRY HOOK BALLOON WHISK ,12,2011/10/31,2.08,Iceland
23420,PANTRY HOOK TEA STRAINER ,12,2011/10/31,2.08,Iceland
22699,ROSES REGENCY TEACUP AND SAUCER ,18,2011/10/31,2.95,Iceland
22725,ALARM CLOCK BAKELIKE CHOCOLATE,8,2011/10/31,3.75,Iceland
22728,ALARM CLOCK BAKELIKE PINK,8,2011/10/31,3.75,Iceland
22726,ALARM CLOCK BAKELIKE GREEN,8,2011/10/31,3.75,Iceland
22727,ALARM CLOCK BAKELIKE RED ,12,2011/10/31,3.75,Iceland
21976,PACK OF 60 MUSHROOM CAKE CASES,24,2011/10/31,0.55,Iceland
22417,PACK OF 60 SPACEBOY CAKE CASES,24,2011/10/31,0.55,Iceland
23308,SET OF 60 VINTAGE LEAF CAKE CASES ,24,2011/10/31,0.55,Iceland
84991,60 TEATIME FAIRY CAKE CASES,24,2011/10/31,0.55,Iceland
84992,72 SWEETHEART FAIRY CAKE CASES,24,2011/10/31,0.55,Iceland
22196,SMALL HEART MEASURING SPOONS,24,2011/10/31,0.85,Iceland
22195,LARGE HEART MEASURING SPOONS,24,2011/10/31,1.65,Iceland
20719,WOODLAND CHARLOTTE BAG,10,2011/10/31,0.85,Iceland
23162,REGENCY TEA STRAINER,8,2011/10/31,3.75,Iceland
22131,FOOD CONTAINER SET 3 LOVE HEART ,6,2011/10/31,1.95,Iceland
23497,CLASSIC CHROME BICYCLE BELL ,12,2011/12/7,1.45,Iceland
23552,BICYCLE PUNCTURE REPAIR KIT ,6,2011/12/7,2.08,Iceland
21064,BOOM BOX SPEAKER BOYS,24,2011/12/7,1.25,Iceland
84625A,PINK NEW BAROQUECANDLESTICK CANDLE,24,2011/12/7,0.85,Iceland
21731,RED TOADSTOOL LED NIGHT LIGHT,24,2011/12/7,1.65,Iceland
23084,RABBIT NIGHT LIGHT,24,2011/12/7,1.79,Iceland
20719,WOODLAND CHARLOTTE BAG,10,2011/12/7,0.85,Iceland
21265,PINK GOOSE FEATHER TREE 60CM,12,2011/12/7,1.95,Iceland
23271,CHRISTMAS TABLE SILVER CANDLE SPIKE,16,2011/12/7,0.83,Iceland
23506,MINI PLAYING CARDS SPACEBOY ,20,2011/12/7,0.42,Iceland
23508,MINI PLAYING CARDS DOLLY GIRL ,20,2011/12/7,0.42,Iceland
21213,PACK OF 72 SKULL CAKE CASES,24,2010/9/27,0.55,Finland
84991,60 TEATIME FAIRY CAKE CASES,24,2010/9/27,0.55,Finland
22951,72 CAKE CASES DOLLY GIRL DESIGN,24,2010/9/27,0.55,Finland
84992,72 SWEETHEART FAIRY CAKE CASES,24,2010/9/27,0.55,Finland
21977,PACK OF 60 PINK PAISLEY CAKE CASES,24,2010/9/27,0.55,Finland
84988,SET OF 72 PINK HEART PAPER DOILIES,12,2010/9/27,1.45,Finland
84987,SET OF 36 TEATIME PAPER DOILIES,12,2010/9/27,1.45,Finland
21211,SET OF 72 SKULL PAPER  DOILIES,12,2010/9/27,1.45,Finland
21723,ALPHABET HEARTS STICKER SHEET,12,2010/9/27,0.85,Finland
21725,SWEETIES  STICKERS,12,2010/9/27,0.85,Finland
21726,MULTI HEARTS  STICKERS,12,2010/9/27,0.85,Finland
21985,PACK OF 12 HEARTS DESIGN TISSUES ,24,2010/9/27,0.29,Finland
21980,PACK OF 12 RED SPOTTY TISSUES ,24,2010/9/27,0.29,Finland
21983,PACK OF 12 BLUE PAISLEY TISSUES ,24,2010/9/27,0.29,Finland
21981,PACK OF 12 WOODLAND TISSUES ,24,2010/9/27,0.29,Finland
22952,72 CAKE CASES VINTAGE CHRISTMAS,24,2010/9/27,0.55,Finland
22950,36 DOILIES VINTAGE CHRISTMAS,12,2010/9/27,1.45,Finland
POST,POSTAGE,1,2010/9/27,1,Finland
21967,PACK OF 12 SKULL TISSUES,24,2010/9/27,0.29,Finland
21982,PACK OF 12 SUKI TISSUES ,24,2010/9/27,0.29,Finland
84992,72 SWEETHEART FAIRY CAKE CASES,72,2010/12/16,0.55,Finland
22951,60 CAKE CASES DOLLY GIRL DESIGN,72,2010/12/16,0.55,Finland
84991,60 TEATIME FAIRY CAKE CASES,24,2010/12/16,0.55,Finland
84991,60 TEATIME FAIRY CAKE CASES,120,2010/12/16,0.42,Finland
21213,PACK OF 72 SKULL CAKE CASES,24,2010/12/16,0.55,Finland
21213,PACK OF 72 SKULL CAKE CASES,120,2010/12/16,0.42,Finland
22616,PACK OF 12 LONDON TISSUES ,72,2010/12/16,0.29,Finland
21981,PACK OF 12 WOODLAND TISSUES ,144,2010/12/16,0.29,Finland
21982,PACK OF 12 SUKI TISSUES ,144,2010/12/16,0.29,Finland
21725,SWEETIES  STICKERS,48,2010/12/16,0.85,Finland
21211,SET OF 72 SKULL PAPER  DOILIES,72,2010/12/16,1.45,Finland
84988,SET OF 72 PINK HEART PAPER DOILIES,48,2010/12/16,1.45,Finland
22952,60 CAKE CASES VINTAGE CHRISTMAS,24,2010/12/16,0.55,Finland
22952,60 CAKE CASES VINTAGE CHRISTMAS,120,2010/12/16,0.42,Finland
21977,PACK OF 60 PINK PAISLEY CAKE CASES,24,2010/12/16,0.55,Finland
21977,PACK OF 60 PINK PAISLEY CAKE CASES,120,2010/12/16,0.42,Finland
POST,POSTAGE,6,2010/12/16,36.94,Finland
21980,PACK OF 12 RED RETROSPOT TISSUES ,144,2011/1/25,0.29,Finland
21985,PACK OF 12 HEARTS DESIGN TISSUES ,144,2011/1/25,0.29,Finland
21726,MULTI HEARTS  STICKERS,24,2011/1/25,0.85,Finland
21983,PACK OF 12 BLUE PAISLEY TISSUES ,144,2011/1/25,0.29,Finland
21967,PACK OF 12 SKULL TISSUES,144,2011/1/25,0.29,Finland
POST,POSTAGE,1,2011/1/25,36.94,Finland
23077,DOUGHNUT LIP GLOSS ,80,2011/4/5,1.25,Finland
23078,ICE CREAM PEN LIP GLOSS ,96,2011/4/5,1.25,Finland
23076,ICE CREAM SUNDAE LIP GLOSS,72,2011/4/5,1.25,Finland
22437,SET OF 9 BLACK SKULL BALLOONS,20,2011/4/5,0.85,Finland
POST,POSTAGE,1,2011/4/5,36.94,Finland
23077,DOUGHNUT LIP GLOSS ,120,2011/9/25,1.25,Finland
23078,ICE CREAM PEN LIP GLOSS ,96,2011/9/25,1.25,Finland
POST,POSTAGE,1,2011/9/25,36.94,Finland
