InvoiceNo,CustomerID,InvoiceDate,type,Total,balance,rfm_segment
1,1,950324,1,1000,1000,Lost Customer
5,1,950413,1,3679,4679,Lost Customer
199,1,950423,1,12600,17279,Lost Customer
3530438,1,950430,1,19.2,17298.2,Lost Customer
6,1,950513,1,3679,20977.2,Lost Customer
200,1,950523,1,2100,23077.2,Lost Customer
3530439,1,950531,1,79,23156.2,Lost Customer
7,1,950613,1,3679,26835.2,Lost Customer
201,1,950622,2,200,26635.2,Lost Customer
3530440,1,950630,1,100.6,26735.8,Lost Customer
8,1,950713,1,3679,30414.8,Lost Customer
202,1,950722,2,5300,25114.8,Lost Customer
3530441,1,950731,1,108.9,25223.7,Lost Customer
9,1,950813,1,3679,28902.7,Lost Customer
203,1,950821,2,7500,21402.7,Lost Customer
159,1,950831,2,14.6,21487.3,Lost Customer
3530442,1,950831,1,99.2,21501.9,Lost Customer
58,1,950905,2,2452,19035.3,Lost Customer
10,1,950913,1,3679,22714.3,Lost Customer
204,1,950920,2,700,22014.3,Lost Customer
160,1,950930,2,14.6,22091.2,Lost Customer
3530443,1,950930,1,91.5,22105.8,Lost Customer
59,1,951005,2,2452,19639.2,Lost Customer
11,1,951013,1,3679,23318.2,Lost Customer
205,1,951020,2,2900,20418.2,Lost Customer
161,1,951031,2,14.6,20494.1,Lost Customer
3530444,1,951031,1,90.5,20508.7,Lost Customer
60,1,951105,2,2452,18042.1,Lost Customer
12,1,951113,1,3679,21721.1,Lost Customer
206,1,951119,2,1900,19821.1,Lost Customer
162,1,951130,2,14.6,19021.6,Lost Customer
127,1,951130,2,870,19036.2,Lost Customer
3530445,1,951130,1,85.2,19906.2,Lost Customer
61,1,951205,2,2452,16569.6,Lost Customer
13,1,951213,1,3679,20248.6,Lost Customer
207,1,951219,2,1600,18648.6,Lost Customer
98,1,951224,2,540,18108.6,Lost Customer
163,1,951231,2,14.6,18173,Lost Customer
3530446,1,951231,1,79,18187.6,Lost Customer
276,2,930226,1,1100,1100,Top Lost Customer
279,2,930312,1,20236,21336,Top Lost Customer
697,2,930328,1,3700,25036,Top Lost Customer
3530483,2,930331,1,13.5,25049.5,Top Lost Customer
280,2,930412,1,20236,45285.5,Top Lost Customer
698,2,930427,2,11000,34285.5,Top Lost Customer
3530484,2,930430,1,109.5,34394.9,Top Lost Customer
281,2,930512,1,20236,54630.9,Top Lost Customer
699,2,930527,2,17600,37030.9,Top Lost Customer
3530485,2,930531,1,144.7,37175.6,Top Lost Customer
282,2,930612,1,30354,67529.6,Top Lost Customer
700,2,930626,2,22400,45129.6,Top Lost Customer
3530486,2,930630,1,159.9,45289.5,Top Lost Customer
355,2,930711,2,3200,42089.5,Top Lost Customer
283,2,930712,1,20236,62325.5,Top Lost Customer
497,2,930719,,13145,49180.5,Top Lost Customer
701,2,930726,2,10300,38880.5,Top Lost Customer
632,2,930731,2,14.6,39068.9,Top Lost Customer
3530487,2,930731,1,203,39083.5,Top Lost Customer
428,2,930805,2,7266,31802.9,Top Lost Customer
356,2,930807,2,2900,28902.9,Top Lost Customer
284,2,930812,1,20236,49138.9,Top Lost Customer
493,2,930822,,21286,27852.9,Top Lost Customer
702,2,930825,2,1000,26852.9,Top Lost Customer
633,2,930831,2,14.6,26991.8,Top Lost Customer
3530488,2,930831,1,153.5,27006.4,Top Lost Customer
429,2,930905,2,7266,19725.8,Top Lost Customer
285,2,930912,1,20236,39961.8,Top Lost Customer
357,2,930914,2,3600,36361.8,Top Lost Customer
703,2,930924,2,4500,31861.8,Top Lost Customer
592,2,930926,2,10200,21661.8,Top Lost Customer
634,2,930930,2,14.6,21774,Top Lost Customer
3530489,2,930930,1,126.8,21788.6,Top Lost Customer
358,2,931003,2,4000,17774,Top Lost Customer
430,2,931005,2,7266,10508,Top Lost Customer
286,2,931012,1,20236,30744,Top Lost Customer
704,2,931024,2,3000,27744,Top Lost Customer
635,2,931031,2,14.6,27830.4,Top Lost Customer
3530490,2,931031,1,101,27845,Top Lost Customer
431,2,931105,2,7266,20564.4,Top Lost Customer
287,2,931112,1,20236,40800.4,Top Lost Customer
359,2,931121,2,3800,37000.4,Top Lost Customer
705,2,931123,2,5300,31700.4,Top Lost Customer
636,2,931130,2,14.6,31824.9,Top Lost Customer
3530491,2,931130,1,139.1,31839.5,Top Lost Customer
432,2,931205,2,7266,24558.9,Top Lost Customer
360,2,931208,2,3500,21058.9,Top Lost Customer
546,2,931210,2,4200,16858.9,Top Lost Customer
288,2,931212,1,30354,47212.9,Top Lost Customer
590,2,931219,2,3000,44212.9,Top Lost Customer
495,2,931221,,13396,30816.9,Top Lost Customer
706,2,931223,2,3100,27716.9,Top Lost Customer
637,2,931231,2,14.6,27840.6,Top Lost Customer
3530492,2,931231,1,138.3,27855.2,Top Lost Customer
433,2,940105,2,7266,20574.6,Top Lost Customer
289,2,940112,1,20236,40810.6,Top Lost Customer
361,2,940112,2,3372.7,35337.9,Top Lost Customer
563,2,940112,2,2100,38710.6,Top Lost Customer
560,2,940118,2,2400,32937.9,Top Lost Customer
561,2,940119,2,6000,26937.9,Top Lost Customer
707,2,940122,2,400,26537.9,Top Lost Customer
562,2,940126,2,6600,19937.9,Top Lost Customer
638,2,940131,2,14.6,20038.7,Top Lost Customer
3530493,2,940131,1,115.4,20053.3,Top Lost Customer
434,2,940205,2,7266,12772.7,Top Lost Customer
290,2,940212,1,20236,33008.7,Top Lost Customer
362,2,940212,2,3372.7,29636,Top Lost Customer
708,2,940221,2,3500,26136,Top Lost Customer
639,2,940228,2,14.6,26229.6,Top Lost Customer
3530494,2,940228,1,108.2,26244.2,Top Lost Customer
435,2,940305,2,7266,18963.6,Top Lost Customer
291,2,940312,1,20236,39199.6,Top Lost Customer
363,2,940312,2,3372.7,35826.9,Top Lost Customer
709,2,940323,2,4900,30926.9,Top Lost Customer
640,2,940331,2,14.6,31041.5,Top Lost Customer
3530495,2,940331,1,129.2,31056.1,Top Lost Customer
436,2,940405,2,7266,23775.5,Top Lost Customer
292,2,940412,1,20236,44011.5,Top Lost Customer
364,2,940412,2,3372.7,40638.9,Top Lost Customer
710,2,940422,2,7600,33038.9,Top Lost Customer
641,2,940430,2,14.6,33174.2,Top Lost Customer
3530496,2,940430,1,149.9,33188.8,Top Lost Customer
437,2,940505,2,7266,25908.2,Top Lost Customer
365,2,940512,2,3372.7,42771.5,Top Lost Customer
293,2,940512,1,20236,46144.2,Top Lost Customer
602,2,940519,2,9300,33471.5,Top Lost Customer
711,2,940522,2,4900,28571.5,Top Lost Customer
599,2,940525,2,8400,20171.5,Top Lost Customer
642,2,940531,2,14.6,20293.4,Top Lost Customer
3530497,2,940531,1,136.5,20308,Top Lost Customer
438,2,940605,2,7266,13027.4,Top Lost Customer
294,2,940612,1,30354,43381.4,Top Lost Customer
366,2,940612,2,3372.7,40008.8,Top Lost Customer
712,2,940621,2,3900,29208.8,Top Lost Customer
596,2,940621,2,6900,33108.8,Top Lost Customer
643,2,940630,2,14.6,29320,Top Lost Customer
3530498,2,940630,1,125.8,29334.6,Top Lost Customer
598,2,940704,2,3600,25720,Top Lost Customer
439,2,940705,2,7266,18454,Top Lost Customer
295,2,940712,1,20236,38690,Top Lost Customer
367,2,940712,2,3372.7,35317.3,Top Lost Customer
713,2,940721,2,4500,30817.3,Top Lost Customer
644,2,940731,2,14.6,30924.1,Top Lost Customer
3530499,2,940731,1,121.4,30938.7,Top Lost Customer
440,2,940805,2,7266,23658.1,Top Lost Customer
296,2,940812,1,20236,43894.1,Top Lost Customer
368,2,940812,2,3372.7,40521.5,Top Lost Customer
714,2,940820,2,5400,35121.5,Top Lost Customer
600,2,940822,2,2400,32721.5,Top Lost Customer
645,2,940831,2,14.6,32849.5,Top Lost Customer
3530500,2,940831,1,142.7,32864.1,Top Lost Customer
441,2,940905,2,7266,25583.5,Top Lost Customer
297,2,940912,1,20236,45819.5,Top Lost Customer
369,2,940912,2,3372.7,42446.9,Top Lost Customer
715,2,940919,2,4800,37646.9,Top Lost Customer
503,2,940920,,12041,25605.9,Top Lost Customer
646,2,940930,2,14.6,25730.3,Top Lost Customer
3530501,2,940930,1,139,25744.9,Top Lost Customer
442,2,941005,2,7266,18464.3,Top Lost Customer
298,2,941012,1,20236,38700.3,Top Lost Customer
370,2,941012,2,3372.7,35327.6,Top Lost Customer
716,2,941019,2,3400,31927.6,Top Lost Customer
647,2,941031,2,14.6,32043.2,Top Lost Customer
3530502,2,941031,1,130.2,32057.8,Top Lost Customer
443,2,941105,2,7266,24777.2,Top Lost Customer
371,2,941112,2,3372.7,41640.6,Top Lost Customer
299,2,941112,1,20236,45013.2,Top Lost Customer
601,2,941117,2,8700,32940.6,Top Lost Customer
717,2,941118,2,2000,30940.6,Top Lost Customer
648,2,941130,2,14.6,31064.2,Top Lost Customer
3530503,2,941130,1,138.2,31078.8,Top Lost Customer
444,2,941205,2,7266,23798.2,Top Lost Customer
547,2,941207,2,3000,20798.2,Top Lost Customer
372,2,941212,2,3372.7,47779.5,Top Lost Customer
300,2,941212,1,30354,51152.2,Top Lost Customer
718,2,941218,2,9300,38479.5,Top Lost Customer
595,2,941227,2,5700,32779.5,Top Lost Customer
649,2,941231,2,14.6,32913.6,Top Lost Customer
3530504,2,941231,1,148.7,32928.2,Top Lost Customer
445,2,950105,2,7266,25647.6,Top Lost Customer
565,2,950112,2,6300,39583.6,Top Lost Customer
301,2,950112,1,20236,45883.6,Top Lost Customer
373,2,950112,2,3372.7,36211,Top Lost Customer
566,2,950113,2,7500,28711,Top Lost Customer
719,2,950117,2,300,28411,Top Lost Customer
542,2,950122,2,5100,23311,Top Lost Customer
569,2,950130,2,3000,20311,Top Lost Customer
650,2,950131,2,14.6,20414.8,Top Lost Customer
3530505,2,950131,1,118.4,20429.4,Top Lost Customer
446,2,950205,2,7266,13148.8,Top Lost Customer
302,2,950212,1,20236,33384.8,Top Lost Customer
374,2,950212,2,3372.7,30012.1,Top Lost Customer
720,2,950216,1,700,30712.1,Top Lost Customer
603,2,950223,2,2700,28012.1,Top Lost Customer
651,2,950228,2,14.6,28107.6,Top Lost Customer
3530506,2,950228,1,110.1,28122.2,Top Lost Customer
447,2,950305,2,7266,20841.6,Top Lost Customer
375,2,950312,2,3372.7,37704.9,Top Lost Customer
303,2,950312,1,20236,41077.6,Top Lost Customer
721,2,950318,2,4200,33504.9,Top Lost Customer
652,2,950331,2,14.6,33625.1,Top Lost Customer
3530507,2,950331,1,134.8,33639.7,Top Lost Customer
448,2,950405,2,7266,26359.1,Top Lost Customer
376,2,950412,2,3372.7,43222.4,Top Lost Customer
304,2,950412,1,20236,46595.1,Top Lost Customer
722,2,950417,2,3600,39622.4,Top Lost Customer
509,2,950420,,6011,33611.4,Top Lost Customer
512,2,950426,,2696,30915.4,Top Lost Customer
513,2,950430,,5119,25942.8,Top Lost Customer
653,2,950430,2,14.6,25928.2,Top Lost Customer
3530508,2,950430,1,146.4,31061.8,Top Lost Customer
449,2,950505,2,7266,18662.2,Top Lost Customer
377,2,950512,2,3372.7,35525.5,Top Lost Customer
305,2,950512,1,20236,38898.2,Top Lost Customer
723,2,950517,2,2100,33425.5,Top Lost Customer
607,2,950527,2,10500,22925.5,Top Lost Customer
654,2,950531,2,14.6,23033.1,Top Lost Customer
3530509,2,950531,1,122.2,23047.7,Top Lost Customer
450,2,950605,2,7266,15767.1,Top Lost Customer
378,2,950612,2,3372.7,42748.5,Top Lost Customer
306,2,950612,1,30354,46121.1,Top Lost Customer
724,2,950616,2,2600,40148.5,Top Lost Customer
510,2,950629,,3672,36476.5,Top Lost Customer
655,2,950630,2,14.6,36605,Top Lost Customer
3530510,2,950630,1,143.1,36619.6,Top Lost Customer
451,2,950705,2,7266,29339,Top Lost Customer
307,2,950712,1,20236,49575,Top Lost Customer
379,2,950712,2,3372.7,46202.3,Top Lost Customer
725,2,950716,2,8400,37802.3,Top Lost Customer
656,2,950731,2,14.6,37949.4,Top Lost Customer
3530511,2,950731,1,161.7,37964,Top Lost Customer
452,2,950805,2,7266,30683.4,Top Lost Customer
380,2,950812,2,3372.7,47546.7,Top Lost Customer
308,2,950812,1,20236,50919.4,Top Lost Customer
726,2,950815,2,6900,40646.7,Top Lost Customer
514,2,950817,,19480,21166.7,Top Lost Customer
657,2,950831,2,14.6,21281.9,Top Lost Customer
3530512,2,950831,1,129.8,21296.5,Top Lost Customer
453,2,950905,2,7266,14015.9,Top Lost Customer
309,2,950912,1,20236,34251.9,Top Lost Customer
381,2,950912,2,3372.7,30879.2,Top Lost Customer
727,2,950914,2,1600,29279.2,Top Lost Customer
658,2,950930,2,14.6,29374.3,Top Lost Customer
3530513,2,950930,1,109.7,29388.9,Top Lost Customer
454,2,951005,2,7266,22108.3,Top Lost Customer
310,2,951012,1,20236,42344.3,Top Lost Customer
382,2,951012,2,3372.7,38971.7,Top Lost Customer
728,2,951014,2,2900,36071.7,Top Lost Customer
508,2,951017,,9336,26735.7,Top Lost Customer
659,2,951031,2,14.6,26842.9,Top Lost Customer
3530514,2,951031,1,121.8,26857.5,Top Lost Customer
455,2,951105,2,7266,19576.9,Top Lost Customer
311,2,951112,1,20236,39812.9,Top Lost Customer
383,2,951112,2,3372.7,36440.2,Top Lost Customer
729,2,951113,2,1500,34940.2,Top Lost Customer
660,2,951130,2,14.6,35058.9,Top Lost Customer
3530515,2,951130,1,133.3,35073.5,Top Lost Customer
456,2,951205,2,7266,27792.9,Top Lost Customer
384,2,951212,2,3372.7,54774.2,Top Lost Customer
312,2,951212,1,30354,58146.9,Top Lost Customer
730,2,951213,2,11000,43774.2,Top Lost Customer
548,2,951219,2,4500,39274.2,Top Lost Customer
661,2,951231,2,14.6,39422.1,Top Lost Customer
3530516,2,951231,1,162.5,39436.7,Top Lost Customer
